{
    "dim_1": {
        "mean": [
            1.0
        ],
        "std": [
            0.0
        ]
    },
    "dim_8": {
        "mean": [
            371351.28125,
            6324066.0,
            3.123166561126709,
            2.2364721298217773,
            1.3757964372634888,
            399.7154235839844,
            36707.7578125,
            33943.8671875
        ],
        "std": [
            269773.09375,
            2105371136.0,
            4.198318958282471,
            1.623984932899475,
            8.012284278869629,
            1832.8675537109375,
            79130.1796875,
            97739.9765625
        ]
    }
}