{
    "features": [
        "Timestamp",
        "Amount Received",
        "Received Currency",
        "Payment Format"
    ],
    "edge_mean": [
        371361.3125,
        6324066.5,
        3.123166561126709,
        2.2364721298217773
    ],
    "edge_std": [
        269773.09375,
        2105371136.0,
        4.198318958282471,
        1.623984932899475
    ]
}