{
  "tensor_shapes": {
    "x": [
      30,
      1
    ],
    "edge_index": [
      2,
      46
    ],
    "edge_attr": [
      46,
      8
    ],
    "y": [
      46
    ]
  },
  "prediction_probabilities": [
    0.0014714873395860195,
    0.23152494430541992,
    7.357582035183441e-06,
    0.0111057348549366,
    0.1630917340517044,
    0.2167763113975525,
    1.6314614867951605e-06,
    5.4117292165756226e-05,
    1.5197650100162718e-05,
    0.07386171072721481,
    2.6626139071339594e-09,
    2.6783376597450115e-05,
    0.05323335528373718,
    2.8833094134483872e-08,
    0.09478873014450073,
    0.1883346140384674,
    0.2705910801887512,
    7.140321395127103e-05,
    0.22871768474578857,
    4.197025646135444e-06,
    1.7882350675790804e-06,
    0.28180742263793945,
    0.2171815037727356,
    0.05395739898085594,
    1.1231916232645744e-06,
    0.29358676075935364,
    0.059445321559906006,
    0.08060207962989807,
    0.0013099805219098926,
    0.18886302411556244,
    2.0066654542461038e-05,
    0.15068626403808594,
    0.18747390806674957,
    6.600415417779004e-06,
    0.6065652966499329,
    0.2134777307510376,
    0.21392592787742615,
    0.23119840025901794,
    0.23789982497692108,
    0.09877095371484756,
    0.2525099217891693,
    0.00669257203117013,
    1.632314365451748e-06,
    0.06575843691825867,
    7.262127788010275e-09,
    1.0038735354100936e-06
  ],
  "predictions": [
    0,
    0,
    0,
    0,
    0,
    0,
    0,
    0,
    0,
    0,
    0,
    0,
    0,
    0,
    0,
    0,
    0,
    0,
    0,
    0,
    0,
    0,
    0,
    0,
    0,
    0,
    0,
    0,
    0,
    0,
    0,
    0,
    0,
    0,
    1,
    0,
    0,
    0,
    0,
    0,
    0,
    0,
    0,
    0,
    0,
    0
  ],
  "suspicious_edges": [
    34
  ],
  "attention_layers": 2
}